1,karten,london,5,22-05-2025
2,oey,japan,4,31-10-2025
3,meen,bankok,5,21-03-2025
4,boat,korea,2,22-06-2025
5,sandee,china,12,14-02-2025
6,pocky,vietnam,3,12-12-2025
7,ice,hongkong,6,13-08-2025
8,peter,taiwan,2,17-07-2025
9,bank,bankok,11,14-02-2025
10,titan,london,3,11-02-2025
11,paekung,hawaii,6,08-08-2025
12,ikrit,america,2,08-03-2025
13,keno,austalia,2,16-11-2025
14,kanom,ladkrabang,5,30-05-2025
15,pekk,ladkrabang,4,21-09-2025
16,phruet,newzealand,3,25-04-2025
17,fran,denmark,9,24-10-2025
18,fern,france,5,19-02-2025
19,pee,china,7,30-06-2025
20,phisit,hongkong,6,19-02-2025
21,lll,42bankok,5,22-05-2020
